,epoch,pearson_correlation,accuracy
0,0,0.840675662440618,0.858
1,1,0.8694838986972887,0.876
2,2,0.8706570524266403,0.864
