,epoch,pearson_correlation,accuracy
0,0,0.8647601382804295,0.874
1,1,0.8626417902685392,0.864
2,2,0.8958918627555862,0.884
