,epoch,pearson_correlation,accuracy
0,0,0.8830562213920096,0.846
1,1,0.8830562213920096,0.846
2,2,0.8830562213920096,0.846
