,epoch,pearson_correlation,accuracy
0,0,0.8480540586013947,0.838
1,1,0.8412256834449026,0.846
2,2,0.8767295752136444,0.854
