,epoch,pearson_correlation,accuracy
0,0,0.8608089164991549,0.87
1,1,0.877709879670335,0.858
2,2,0.8681092543915542,0.85
