,epoch,pearson_correlation,accuracy
0,0,0.8689987401378769,0.81
1,1,0.8712539608158607,0.848
2,2,0.8861379634472101,0.882
