,epoch,pearson_correlation,accuracy
0,0,0.841445379680023,0.828
1,1,0.8667478759212082,0.846
2,2,0.8719402517381308,0.87
