,epoch,pearson_correlation,accuracy
0,0,0.8244943623864248,0.822
1,1,0.8599268406106887,0.854
2,2,0.851532363953239,0.832
