,epoch,pearson_correlation,accuracy
0,0,0.853124718051849,0.748
1,1,0.9004201202461151,0.864
2,2,0.8841590648561702,0.852
