,epoch,pearson_correlation,accuracy
0,0,0.7708000305731217,0.72
1,1,0.8132705261226497,0.846
2,2,0.8417950495109666,0.852
