,epoch,pearson_correlation,accuracy
0,0,0.8179737374491324,0.734
1,1,0.851501407937675,0.79
2,2,0.8657575624377334,0.824
